{
    "prepare_queue": {
        "installed": [],
        "uninstalled": []
    },
    "config_munge": {
        "files": {
            "config.xml": {
                "parents": {
                    "/*": [
                        {
                            "xml": "<feature name=\"AppVersion\"><param name=\"ios-package\" value=\"AppVersion\" /></feature>",
                            "count": 1
                        },
                        {
                            "xml": "<feature name=\"Console\"><param name=\"ios-package\" value=\"CDVLogger\" /></feature>",
                            "count": 1
                        },
                        {
                            "xml": "<feature name=\"Device\"><param name=\"ios-package\" value=\"CDVDevice\" /></feature>",
                            "count": 1
                        },
                        {
                            "xml": "<feature name=\"File\"><param name=\"ios-package\" value=\"CDVFile\" /><param name=\"onload\" value=\"true\" /></feature>",
                            "count": 1
                        },
                        {
                            "xml": "<feature name=\"FileTransfer\"><param name=\"ios-package\" value=\"CDVFileTransfer\" /></feature>",
                            "count": 1
                        },
                        {
                            "xml": "<feature name=\"GoogleMaps\"><param name=\"ios-package\" value=\"GoogleMaps\" /><param name=\"onload\" value=\"true\" /><param name=\"onreset\" value=\"true\" /></feature>",
                            "count": 1
                        },
                        {
                            "xml": "<feature name=\"External\"><param name=\"ios-package\" value=\"External\" /></feature>",
                            "count": 1
                        },
                        {
                            "xml": "<feature name=\"Geocoder\"><param name=\"ios-package\" value=\"Geocoder\" /></feature>",
                            "count": 2
                        },
                        {
                            "xml": "<feature name=\"Map\"><param name=\"ios-package\" value=\"Map\" /></feature>",
                            "count": 1
                        },
                        {
                            "xml": "<feature name=\"Circle\"><param name=\"ios-package\" value=\"Circle\" /></feature>",
                            "count": 1
                        },
                        {
                            "xml": "<feature name=\"GroundOverlay\"><param name=\"ios-package\" value=\"GroundOverlay\" /></feature>",
                            "count": 1
                        },
                        {
                            "xml": "<feature name=\"KmlOverlay\"><param name=\"ios-package\" value=\"KmlOverlay\" /></feature>",
                            "count": 1
                        },
                        {
                            "xml": "<feature name=\"Marker\"><param name=\"ios-package\" value=\"Marker\" /></feature>",
                            "count": 1
                        },
                        {
                            "xml": "<feature name=\"Polygon\"><param name=\"ios-package\" value=\"Polygon\" /></feature>",
                            "count": 1
                        },
                        {
                            "xml": "<feature name=\"Polyline\"><param name=\"ios-package\" value=\"Polyline\" /></feature>",
                            "count": 1
                        },
                        {
                            "xml": "<feature name=\"TileOverlay\"><param name=\"ios-package\" value=\"TileOverlay\" /></feature>",
                            "count": 1
                        },
                        {
                            "xml": "<feature name=\"NetworkStatus\"><param name=\"ios-package\" value=\"CDVConnection\" /></feature>",
                            "count": 1
                        },
                        {
                            "xml": "<feature name=\"SplashScreen\"><param name=\"ios-package\" value=\"CDVSplashScreen\" /><param name=\"onload\" value=\"true\" /></feature>",
                            "count": 1
                        },
                        {
                            "xml": "<feature name=\"StatusBar\"><param name=\"ios-package\" value=\"CDVStatusBar\" /><param name=\"onload\" value=\"true\" /></feature>",
                            "count": 1
                        },
                        {
                            "xml": "<preference name=\"StatusBarOverlaysWebView\" value=\"true\" />",
                            "count": 1
                        },
                        {
                            "xml": "<preference name=\"StatusBarStyle\" value=\"lightcontent\" />",
                            "count": 1
                        },
                        {
                            "xml": "<feature name=\"SQLitePlugin\"><param name=\"ios-package\" value=\"SQLitePlugin\" /></feature>",
                            "count": 1
                        },
                        {
                            "xml": "<feature name=\"Keyboard\"><param name=\"ios-package\" onload=\"true\" value=\"IonicKeyboard\" /></feature>",
                            "count": 1
                        }
                    ]
                }
            },
            "*-Info.plist": {
                "parents": {
                    "Google Maps API Key": [
                        {
                            "xml": "<string>AIzaSyDPbmIeqOVCpUadyN0cujNButJQ5RJzn9k</string>",
                            "count": 1
                        }
                    ],
                    "NSLocationWhenInUseUsageDescription": [
                        {
                            "xml": "<string>$NSLocationWhenInUseUsageDescription</string>",
                            "count": 1
                        }
                    ],
                    "NSLocationAlwaysUsageDescription": [
                        {
                            "xml": "<string>$NSLocationAlwaysUsageDescription</string>",
                            "count": 1
                        }
                    ],
                    "LSApplicationQueriesSchemes": [
                        {
                            "xml": "<array><string>googlechromes</string><string>comgooglemaps</string></array>",
                            "count": 1
                        }
                    ],
                    "CFBundleURLTypes": [
                        {
                            "xml": "<array><dict><key>CFBundleTypeRole</key><string>Editor</string><key>CFBundleURLName</key><string>com.ionicframework.nameetings970373</string><key>CFBundleURLSchemes</key><array><string>com.ionicframework.nameetings970373</string></array></dict></array>",
                            "count": 1
                        }
                    ]
                }
            }
        }
    },
    "installed_plugins": {
        "com.googlemaps.ios": {
            "PACKAGE_NAME": "com.ionicframework.nameetings970373"
        },
        "cordova-plugin-app-version": {
            "PACKAGE_NAME": "com.ionicframework.nameetings970373"
        },
        "cordova-plugin-compat": {
            "PACKAGE_NAME": "com.ionicframework.nameetings970373"
        },
        "cordova-plugin-console": {
            "PACKAGE_NAME": "com.ionicframework.nameetings970373"
        },
        "cordova-plugin-device": {
            "PACKAGE_NAME": "com.ionicframework.nameetings970373"
        },
        "cordova-plugin-file": {
            "PACKAGE_NAME": "com.ionicframework.nameetings970373"
        },
        "cordova-plugin-file-transfer": {
            "PACKAGE_NAME": "com.ionicframework.nameetings970373"
        },
        "cordova-plugin-googlemaps": {
            "API_KEY_FOR_IOS": "AIzaSyDPbmIeqOVCpUadyN0cujNButJQ5RJzn9k",
            "NSLOCATIONWHENINUSEUSAGEDESCRIPTION": "Show your location on the map",
            "NSLOCATIONALWAYSUSAGEDESCRIPTION": "Trace your location on the map",
            "PACKAGE_NAME": "com.ionicframework.nameetings970373"
        },
        "cordova-plugin-network-information": {
            "PACKAGE_NAME": "com.ionicframework.nameetings970373"
        },
        "cordova-plugin-splashscreen": {
            "PACKAGE_NAME": "com.ionicframework.nameetings970373"
        },
        "cordova-plugin-statusbar": {
            "PACKAGE_NAME": "com.ionicframework.nameetings970373"
        },
        "cordova-plugin-whitelist": {
            "PACKAGE_NAME": "com.ionicframework.nameetings970373"
        },
        "cordova-sqlite-storage": {
            "PACKAGE_NAME": "com.ionicframework.nameetings970373"
        },
        "ionic-plugin-keyboard": {
            "PACKAGE_NAME": "com.ionicframework.nameetings970373"
        }
    },
    "dependent_plugins": {},
    "modules": [
        {
            "id": "cordova-plugin-app-version.AppVersionPlugin",
            "file": "plugins/cordova-plugin-app-version/www/AppVersionPlugin.js",
            "pluginId": "cordova-plugin-app-version",
            "clobbers": [
                "cordova.getAppVersion"
            ]
        },
        {
            "id": "cordova-plugin-console.console",
            "file": "plugins/cordova-plugin-console/www/console-via-logger.js",
            "pluginId": "cordova-plugin-console",
            "clobbers": [
                "console"
            ]
        },
        {
            "id": "cordova-plugin-console.logger",
            "file": "plugins/cordova-plugin-console/www/logger.js",
            "pluginId": "cordova-plugin-console",
            "clobbers": [
                "cordova.logger"
            ]
        },
        {
            "id": "cordova-plugin-device.device",
            "file": "plugins/cordova-plugin-device/www/device.js",
            "pluginId": "cordova-plugin-device",
            "clobbers": [
                "device"
            ]
        },
        {
            "id": "cordova-plugin-file.DirectoryEntry",
            "file": "plugins/cordova-plugin-file/www/DirectoryEntry.js",
            "pluginId": "cordova-plugin-file",
            "clobbers": [
                "window.DirectoryEntry"
            ]
        },
        {
            "id": "cordova-plugin-file.DirectoryReader",
            "file": "plugins/cordova-plugin-file/www/DirectoryReader.js",
            "pluginId": "cordova-plugin-file",
            "clobbers": [
                "window.DirectoryReader"
            ]
        },
        {
            "id": "cordova-plugin-file.Entry",
            "file": "plugins/cordova-plugin-file/www/Entry.js",
            "pluginId": "cordova-plugin-file",
            "clobbers": [
                "window.Entry"
            ]
        },
        {
            "id": "cordova-plugin-file.File",
            "file": "plugins/cordova-plugin-file/www/File.js",
            "pluginId": "cordova-plugin-file",
            "clobbers": [
                "window.File"
            ]
        },
        {
            "id": "cordova-plugin-file.FileEntry",
            "file": "plugins/cordova-plugin-file/www/FileEntry.js",
            "pluginId": "cordova-plugin-file",
            "clobbers": [
                "window.FileEntry"
            ]
        },
        {
            "id": "cordova-plugin-file.FileError",
            "file": "plugins/cordova-plugin-file/www/FileError.js",
            "pluginId": "cordova-plugin-file",
            "clobbers": [
                "window.FileError"
            ]
        },
        {
            "id": "cordova-plugin-file.FileReader",
            "file": "plugins/cordova-plugin-file/www/FileReader.js",
            "pluginId": "cordova-plugin-file",
            "clobbers": [
                "window.FileReader"
            ]
        },
        {
            "id": "cordova-plugin-file.FileSystem",
            "file": "plugins/cordova-plugin-file/www/FileSystem.js",
            "pluginId": "cordova-plugin-file",
            "clobbers": [
                "window.FileSystem"
            ]
        },
        {
            "id": "cordova-plugin-file.FileUploadOptions",
            "file": "plugins/cordova-plugin-file/www/FileUploadOptions.js",
            "pluginId": "cordova-plugin-file",
            "clobbers": [
                "window.FileUploadOptions"
            ]
        },
        {
            "id": "cordova-plugin-file.FileUploadResult",
            "file": "plugins/cordova-plugin-file/www/FileUploadResult.js",
            "pluginId": "cordova-plugin-file",
            "clobbers": [
                "window.FileUploadResult"
            ]
        },
        {
            "id": "cordova-plugin-file.FileWriter",
            "file": "plugins/cordova-plugin-file/www/FileWriter.js",
            "pluginId": "cordova-plugin-file",
            "clobbers": [
                "window.FileWriter"
            ]
        },
        {
            "id": "cordova-plugin-file.Flags",
            "file": "plugins/cordova-plugin-file/www/Flags.js",
            "pluginId": "cordova-plugin-file",
            "clobbers": [
                "window.Flags"
            ]
        },
        {
            "id": "cordova-plugin-file.LocalFileSystem",
            "file": "plugins/cordova-plugin-file/www/LocalFileSystem.js",
            "pluginId": "cordova-plugin-file",
            "clobbers": [
                "window.LocalFileSystem"
            ],
            "merges": [
                "window"
            ]
        },
        {
            "id": "cordova-plugin-file.Metadata",
            "file": "plugins/cordova-plugin-file/www/Metadata.js",
            "pluginId": "cordova-plugin-file",
            "clobbers": [
                "window.Metadata"
            ]
        },
        {
            "id": "cordova-plugin-file.ProgressEvent",
            "file": "plugins/cordova-plugin-file/www/ProgressEvent.js",
            "pluginId": "cordova-plugin-file",
            "clobbers": [
                "window.ProgressEvent"
            ]
        },
        {
            "id": "cordova-plugin-file.fileSystems",
            "file": "plugins/cordova-plugin-file/www/fileSystems.js",
            "pluginId": "cordova-plugin-file"
        },
        {
            "id": "cordova-plugin-file.requestFileSystem",
            "file": "plugins/cordova-plugin-file/www/requestFileSystem.js",
            "pluginId": "cordova-plugin-file",
            "clobbers": [
                "window.requestFileSystem"
            ]
        },
        {
            "id": "cordova-plugin-file.resolveLocalFileSystemURI",
            "file": "plugins/cordova-plugin-file/www/resolveLocalFileSystemURI.js",
            "pluginId": "cordova-plugin-file",
            "merges": [
                "window"
            ]
        },
        {
            "id": "cordova-plugin-file.isChrome",
            "file": "plugins/cordova-plugin-file/www/browser/isChrome.js",
            "pluginId": "cordova-plugin-file",
            "runs": true
        },
        {
            "id": "cordova-plugin-file.iosFileSystem",
            "file": "plugins/cordova-plugin-file/www/ios/FileSystem.js",
            "pluginId": "cordova-plugin-file",
            "merges": [
                "FileSystem"
            ]
        },
        {
            "id": "cordova-plugin-file.fileSystems-roots",
            "file": "plugins/cordova-plugin-file/www/fileSystems-roots.js",
            "pluginId": "cordova-plugin-file",
            "runs": true
        },
        {
            "id": "cordova-plugin-file.fileSystemPaths",
            "file": "plugins/cordova-plugin-file/www/fileSystemPaths.js",
            "pluginId": "cordova-plugin-file",
            "merges": [
                "cordova"
            ],
            "runs": true
        },
        {
            "id": "cordova-plugin-file-transfer.FileTransferError",
            "file": "plugins/cordova-plugin-file-transfer/www/FileTransferError.js",
            "pluginId": "cordova-plugin-file-transfer",
            "clobbers": [
                "window.FileTransferError"
            ]
        },
        {
            "id": "cordova-plugin-file-transfer.FileTransfer",
            "file": "plugins/cordova-plugin-file-transfer/www/FileTransfer.js",
            "pluginId": "cordova-plugin-file-transfer",
            "clobbers": [
                "window.FileTransfer"
            ]
        },
        {
            "id": "cordova-plugin-googlemaps.cordova-plugin-googlemaps",
            "file": "plugins/cordova-plugin-googlemaps/www/googlemaps-cdv-plugin.js",
            "pluginId": "cordova-plugin-googlemaps",
            "clobbers": [
                "cordova-plugin-googlemaps"
            ]
        },
        {
            "id": "cordova-plugin-network-information.network",
            "file": "plugins/cordova-plugin-network-information/www/network.js",
            "pluginId": "cordova-plugin-network-information",
            "clobbers": [
                "navigator.connection",
                "navigator.network.connection"
            ]
        },
        {
            "id": "cordova-plugin-network-information.Connection",
            "file": "plugins/cordova-plugin-network-information/www/Connection.js",
            "pluginId": "cordova-plugin-network-information",
            "clobbers": [
                "Connection"
            ]
        },
        {
            "id": "cordova-plugin-splashscreen.SplashScreen",
            "file": "plugins/cordova-plugin-splashscreen/www/splashscreen.js",
            "pluginId": "cordova-plugin-splashscreen",
            "clobbers": [
                "navigator.splashscreen"
            ]
        },
        {
            "id": "cordova-plugin-statusbar.statusbar",
            "file": "plugins/cordova-plugin-statusbar/www/statusbar.js",
            "pluginId": "cordova-plugin-statusbar",
            "clobbers": [
                "window.StatusBar"
            ]
        },
        {
            "id": "cordova-sqlite-storage.SQLitePlugin",
            "file": "plugins/cordova-sqlite-storage/www/SQLitePlugin.js",
            "pluginId": "cordova-sqlite-storage",
            "clobbers": [
                "SQLitePlugin"
            ]
        },
        {
            "id": "ionic-plugin-keyboard.keyboard",
            "file": "plugins/ionic-plugin-keyboard/www/ios/keyboard.js",
            "pluginId": "ionic-plugin-keyboard",
            "clobbers": [
                "cordova.plugins.Keyboard"
            ],
            "runs": true
        }
    ],
    "plugin_metadata": {
        "com.googlemaps.ios": "2.1.1",
        "cordova-plugin-app-version": "0.1.9",
        "cordova-plugin-compat": "1.1.0",
        "cordova-plugin-console": "1.0.5",
        "cordova-plugin-device": "1.1.4",
        "cordova-plugin-file": "4.3.2",
        "cordova-plugin-file-transfer": "1.6.2",
        "cordova-plugin-googlemaps": "1.4.0",
        "cordova-plugin-network-information": "1.3.2",
        "cordova-plugin-splashscreen": "4.0.1",
        "cordova-plugin-statusbar": "2.2.1",
        "cordova-plugin-whitelist": "1.3.1",
        "cordova-sqlite-storage": "2.0.2",
        "ionic-plugin-keyboard": "2.2.1"
    }
}